label,count,mean,std,mean±std
Cooling-0,10,21824.26,226.25691,21824.3 ± 226.257
Cooling-1,10,21615.92,222.4529104,21615.9 ± 222.453
Cooling-5,10,21620.66,230.880451,21620.7 ± 230.88
