label,count,mean,std,mean±std
Cooling-0,10,21728.43,277.7427829,21728.4 ± 277.743
Cooling-1,10,21586.5,168.94043,21586.5 ± 168.94
Cooling-5,10,21597.66,136.7529419,21597.7 ± 136.753
